{"bloqade.task.batch.RemoteBatch": {"source": null, "tasks": [[0, {"bloqade.task.braket.BraketTask": {"task_id": "arn:aws:braket:us-east-1:592242689881:quantum-task/e3c5f27a-0ac1-4424-bf6f-87ed556d1068", "backend": {"device_arn": "arn:aws:braket:us-east-1::device/qpu/quera/Aquila"}, "task_ir": {"nshots": 10, "lattice": {"sites": [[0E-8, 0E-8], [0E-8, 0.00000700], [0E-8, 0.00001400], [0.00000700, 0E-8], [0.00000700, 0.00000700], [0.00000700, 0.00001400], [0.00001400, 0E-8], [0.00001400, 0.00000700], [0.00001400, 0.00001400], [0E-8, 0.00002516], [0E-8, 0.00003216], [0E-8, 0.00003916], [0.00000700, 0.00002516], [0.00000700, 0.00003216], [0.00000700, 0.00003916], [0.00001400, 0.00002516], [0.00001400, 0.00003216], [0.00001400, 0.00003916], [0E-8, 0.00005032], [0E-8, 0.00005732], [0E-8, 0.00006432], [0.00000700, 0.00005032], [0.00000700, 0.00005732], [0.00000700, 0.00006432], [0.00001400, 0.00005032], [0.00001400, 0.00005732], [0.00001400, 0.00006432], [0.00002516, 0.00005032], [0.00002516, 0.00005732], [0.00002516, 0.00006432], [0.00003216, 0.00005032], [0.00003216, 0.00005732], [0.00003216, 0.00006432], [0.00003916, 0.00005032], [0.00003916, 0.00005732], [0.00003916, 0.00006432], [0.00005032, 0.00005032], [0.00005032, 0.00005732], [0.00005032, 0.00006432], [0.00005732, 0.00005032], [0.00005732, 0.00005732], [0.00005732, 0.00006432], [0.00006432, 0.00005032], [0.00006432, 0.00005732], [0.00006432, 0.00006432], [0.00005032, 0.00002516], [0.00005032, 0.00003216], [0.00005032, 0.00003916], [0.00005732, 0.00002516], [0.00005732, 0.00003216], [0.00005732, 0.00003916], [0.00006432, 0.00002516], [0.00006432, 0.00003216], [0.00006432, 0.00003916], [0.00005032, 0E-8], [0.00005032, 0.00000700], [0.00005032, 0.00001400], [0.00005732, 0E-8], [0.00005732, 0.00000700], [0.00005732, 0.00001400], [0.00006432, 0E-8], [0.00006432, 0.00000700], [0.00006432, 0.00001400], [0.00002516, 0.00002516], [0.00002516, 0.00003216], [0.00002516, 0.00003916], [0.00003216, 0.00002516], [0.00003216, 0.00003216], [0.00003216, 0.00003916], [0.00003916, 0.00002516], [0.00003916, 0.00003216], [0.00003916, 0.00003916], [0.00002516, 0E-8], [0.00002516, 0.00000700], [0.00002516, 0.00001400], [0.00003216, 0E-8], [0.00003216, 0.00000700], [0.00003216, 0.00001400], [0.00003916, 0E-8], [0.00003916, 0.00000700], [0.00003916, 0.00001400]], "filling": [1, 1, 1, 1, 1, 1, 1, 1, 1, 1, 1, 1, 1, 1, 1, 1, 1, 1, 1, 1, 1, 1, 1, 1, 1, 1, 1, 1, 1, 1, 1, 1, 1, 1, 1, 1, 1, 1, 1, 1, 1, 1, 1, 1, 1, 1, 1, 1, 1, 1, 1, 1, 1, 1, 1, 1, 1, 1, 1, 1, 1, 1, 1, 1, 1, 1, 1, 1, 1, 1, 1, 1, 1, 1, 1, 1, 1, 1, 1, 1, 1]}, "effective_hamiltonian": {"rydberg": {"rabi_frequency_amplitude": {"global": {"times": [0E-9, 8.00E-7, 0.000003200, 0.000004000], "values": [0.0, 15708000.0, 15708000.0, 0.0]}}, "rabi_frequency_phase": {"global": {"times": [0E-9, 0.000004000], "values": [0E-7, 0E-7]}}, "detuning": {"global": {"times": [0E-9, 8.00E-7, 0.000003200, 0.000004000], "values": [-42725660.0, -42725660.0, 42725660.0, 42725660.0]}}}}}, "metadata": {}, "parallel_decoder": {"mapping": [{"cluster_index": [0, 0], "global_location_index": 0, "cluster_location_index": 0}, {"cluster_index": [0, 0], "global_location_index": 1, "cluster_location_index": 1}, {"cluster_index": [0, 0], "global_location_index": 2, "cluster_location_index": 2}, {"cluster_index": [0, 0], "global_location_index": 3, "cluster_location_index": 3}, {"cluster_index": [0, 0], "global_location_index": 4, "cluster_location_index": 4}, {"cluster_index": [0, 0], "global_location_index": 5, "cluster_location_index": 5}, {"cluster_index": [0, 0], "global_location_index": 6, "cluster_location_index": 6}, {"cluster_index": [0, 0], "global_location_index": 7, "cluster_location_index": 7}, {"cluster_index": [0, 0], "global_location_index": 8, "cluster_location_index": 8}, {"cluster_index": [0, 1], "global_location_index": 9, "cluster_location_index": 0}, {"cluster_index": [0, 1], "global_location_index": 10, "cluster_location_index": 1}, {"cluster_index": [0, 1], "global_location_index": 11, "cluster_location_index": 2}, {"cluster_index": [0, 1], "global_location_index": 12, "cluster_location_index": 3}, {"cluster_index": [0, 1], "global_location_index": 13, "cluster_location_index": 4}, {"cluster_index": [0, 1], "global_location_index": 14, "cluster_location_index": 5}, {"cluster_index": [0, 1], "global_location_index": 15, "cluster_location_index": 6}, {"cluster_index": [0, 1], "global_location_index": 16, "cluster_location_index": 7}, {"cluster_index": [0, 1], "global_location_index": 17, "cluster_location_index": 8}, {"cluster_index": [0, 2], "global_location_index": 18, "cluster_location_index": 0}, {"cluster_index": [0, 2], "global_location_index": 19, "cluster_location_index": 1}, {"cluster_index": [0, 2], "global_location_index": 20, "cluster_location_index": 2}, {"cluster_index": [0, 2], "global_location_index": 21, "cluster_location_index": 3}, {"cluster_index": [0, 2], "global_location_index": 22, "cluster_location_index": 4}, {"cluster_index": [0, 2], "global_location_index": 23, "cluster_location_index": 5}, {"cluster_index": [0, 2], "global_location_index": 24, "cluster_location_index": 6}, {"cluster_index": [0, 2], "global_location_index": 25, "cluster_location_index": 7}, {"cluster_index": [0, 2], "global_location_index": 26, "cluster_location_index": 8}, {"cluster_index": [1, 2], "global_location_index": 27, "cluster_location_index": 0}, {"cluster_index": [1, 2], "global_location_index": 28, "cluster_location_index": 1}, {"cluster_index": [1, 2], "global_location_index": 29, "cluster_location_index": 2}, {"cluster_index": [1, 2], "global_location_index": 30, "cluster_location_index": 3}, {"cluster_index": [1, 2], "global_location_index": 31, "cluster_location_index": 4}, {"cluster_index": [1, 2], "global_location_index": 32, "cluster_location_index": 5}, {"cluster_index": [1, 2], "global_location_index": 33, "cluster_location_index": 6}, {"cluster_index": [1, 2], "global_location_index": 34, "cluster_location_index": 7}, {"cluster_index": [1, 2], "global_location_index": 35, "cluster_location_index": 8}, {"cluster_index": [2, 2], "global_location_index": 36, "cluster_location_index": 0}, {"cluster_index": [2, 2], "global_location_index": 37, "cluster_location_index": 1}, {"cluster_index": [2, 2], "global_location_index": 38, "cluster_location_index": 2}, {"cluster_index": [2, 2], "global_location_index": 39, "cluster_location_index": 3}, {"cluster_index": [2, 2], "global_location_index": 40, "cluster_location_index": 4}, {"cluster_index": [2, 2], "global_location_index": 41, "cluster_location_index": 5}, {"cluster_index": [2, 2], "global_location_index": 42, "cluster_location_index": 6}, {"cluster_index": [2, 2], "global_location_index": 43, "cluster_location_index": 7}, {"cluster_index": [2, 2], "global_location_index": 44, "cluster_location_index": 8}, {"cluster_index": [2, 1], "global_location_index": 45, "cluster_location_index": 0}, {"cluster_index": [2, 1], "global_location_index": 46, "cluster_location_index": 1}, {"cluster_index": [2, 1], "global_location_index": 47, "cluster_location_index": 2}, {"cluster_index": [2, 1], "global_location_index": 48, "cluster_location_index": 3}, {"cluster_index": [2, 1], "global_location_index": 49, "cluster_location_index": 4}, {"cluster_index": [2, 1], "global_location_index": 50, "cluster_location_index": 5}, {"cluster_index": [2, 1], "global_location_index": 51, "cluster_location_index": 6}, {"cluster_index": [2, 1], "global_location_index": 52, "cluster_location_index": 7}, {"cluster_index": [2, 1], "global_location_index": 53, "cluster_location_index": 8}, {"cluster_index": [2, 0], "global_location_index": 54, "cluster_location_index": 0}, {"cluster_index": [2, 0], "global_location_index": 55, "cluster_location_index": 1}, {"cluster_index": [2, 0], "global_location_index": 56, "cluster_location_index": 2}, {"cluster_index": [2, 0], "global_location_index": 57, "cluster_location_index": 3}, {"cluster_index": [2, 0],